﻿{"frames": {

"Raichu Idle Dance instance 10000":
{
	"frame": {"x":1,"y":1,"w":490,"h":469},
	"rotated": false,
	"trimmed": true,
	"spriteSourceSize": {"x":0,"y":7,"w":490,"h":477},
	"sourceSize": {"w":490,"h":477}
},
"Raichu Idle Dance instance 10001":
{
	"frame": {"x":1,"y":1,"w":490,"h":469},
	"rotated": false,
	"trimmed": true,
	"spriteSourceSize": {"x":0,"y":7,"w":490,"h":477},
	"sourceSize": {"w":490,"h":477}
},
"Raichu Idle Dance instance 10002":
{
	"frame": {"x":481,"y":478,"w":485,"h":469},
	"rotated": false,
	"trimmed": true,
	"spriteSourceSize": {"x":4,"y":7,"w":490,"h":477},
	"sourceSize": {"w":490,"h":477}
},
"Raichu Idle Dance instance 10003":
{
	"frame": {"x":481,"y":478,"w":485,"h":469},
	"rotated": false,
	"trimmed": true,
	"spriteSourceSize": {"x":4,"y":7,"w":490,"h":477},
	"sourceSize": {"w":490,"h":477}
},
"Raichu Idle Dance instance 10004":
{
	"frame": {"x":493,"y":1,"w":481,"h":475},
	"rotated": false,
	"trimmed": true,
	"spriteSourceSize": {"x":7,"y":2,"w":490,"h":477},
	"sourceSize": {"w":490,"h":477}
},
"Raichu Idle Dance instance 10005":
{
	"frame": {"x":493,"y":1,"w":481,"h":475},
	"rotated": false,
	"trimmed": true,
	"spriteSourceSize": {"x":7,"y":2,"w":490,"h":477},
	"sourceSize": {"w":490,"h":477}
},
"Raichu Idle Dance instance 10006":
{
	"frame": {"x":1,"y":472,"w":478,"h":477},
	"rotated": false,
	"trimmed": true,
	"spriteSourceSize": {"x":10,"y":0,"w":490,"h":477},
	"sourceSize": {"w":490,"h":477}
},
"Raichu Idle Dance instance 10007":
{
	"frame": {"x":1,"y":472,"w":478,"h":477},
	"rotated": false,
	"trimmed": true,
	"spriteSourceSize": {"x":10,"y":0,"w":490,"h":477},
	"sourceSize": {"w":490,"h":477}
},
"Raichu Idle Dance instance 10008":
{
	"frame": {"x":976,"y":1,"w":477,"h":477},
	"rotated": false,
	"trimmed": true,
	"spriteSourceSize": {"x":10,"y":0,"w":490,"h":477},
	"sourceSize": {"w":490,"h":477}
},
"Raichu Idle Dance instance 10009":
{
	"frame": {"x":976,"y":1,"w":477,"h":477},
	"rotated": false,
	"trimmed": true,
	"spriteSourceSize": {"x":10,"y":0,"w":490,"h":477},
	"sourceSize": {"w":490,"h":477}
},
"Raichu Idle Dance instance 10010":
{
	"frame": {"x":976,"y":1,"w":477,"h":477},
	"rotated": false,
	"trimmed": true,
	"spriteSourceSize": {"x":10,"y":0,"w":490,"h":477},
	"sourceSize": {"w":490,"h":477}
},
"Raichu Idle Dance instance 10011":
{
	"frame": {"x":976,"y":1,"w":477,"h":477},
	"rotated": false,
	"trimmed": true,
	"spriteSourceSize": {"x":10,"y":0,"w":490,"h":477},
	"sourceSize": {"w":490,"h":477}
},
"Raichu Idle Dance instance 10012":
{
	"frame": {"x":976,"y":1,"w":477,"h":477},
	"rotated": false,
	"trimmed": true,
	"spriteSourceSize": {"x":10,"y":0,"w":490,"h":477},
	"sourceSize": {"w":490,"h":477}
},
"Raichu Idle Dance instance 10013":
{
	"frame": {"x":976,"y":1,"w":477,"h":477},
	"rotated": false,
	"trimmed": true,
	"spriteSourceSize": {"x":10,"y":0,"w":490,"h":477},
	"sourceSize": {"w":490,"h":477}
}},
"meta": {
	"app": "Adobe Animate",
	"version": "23.0.2.103",
	"image": "Alolan_Raichu.png",
	"format": "RGBA8888",
	"size": {"w":2048,"h":1024},
	"scale": "1"
}
}
