﻿{"frames": {

	"Raichu Idle Dance0000":
	{
		"frame": {"x":1,"y":1,"w":489,"h":469},
		"rotated": false,
		"trimmed": true,
		"spriteSourceSize": {"x":0,"y":7,"w":489,"h":477},
		"sourceSize": {"w":489,"h":477}
	},
	"Raichu Idle Dance0001":
	{
		"frame": {"x":1,"y":1,"w":489,"h":469},
		"rotated": false,
		"trimmed": true,
		"spriteSourceSize": {"x":0,"y":7,"w":489,"h":477},
		"sourceSize": {"w":489,"h":477}
	},
	"Raichu Idle Dance0002":
	{
		"frame": {"x":961,"y":480,"w":483,"h":470},
		"rotated": false,
		"trimmed": true,
		"spriteSourceSize": {"x":5,"y":7,"w":489,"h":477},
		"sourceSize": {"w":489,"h":477}
	},
	"Raichu Idle Dance0003":
	{
		"frame": {"x":961,"y":480,"w":483,"h":470},
		"rotated": false,
		"trimmed": true,
		"spriteSourceSize": {"x":5,"y":7,"w":489,"h":477},
		"sourceSize": {"w":489,"h":477}
	},
	"Raichu Idle Dance0004":
	{
		"frame": {"x":480,"y":480,"w":479,"h":474},
		"rotated": false,
		"trimmed": true,
		"spriteSourceSize": {"x":8,"y":3,"w":489,"h":477},
		"sourceSize": {"w":489,"h":477}
	},
	"Raichu Idle Dance0005":
	{
		"frame": {"x":480,"y":480,"w":479,"h":474},
		"rotated": false,
		"trimmed": true,
		"spriteSourceSize": {"x":8,"y":3,"w":489,"h":477},
		"sourceSize": {"w":489,"h":477}
	},
	"Raichu Idle Dance0006":
	{
		"frame": {"x":492,"y":1,"w":477,"h":477},
		"rotated": false,
		"trimmed": true,
		"spriteSourceSize": {"x":10,"y":0,"w":489,"h":477},
		"sourceSize": {"w":489,"h":477}
	},
	"Raichu Idle Dance0007":
	{
		"frame": {"x":492,"y":1,"w":477,"h":477},
		"rotated": false,
		"trimmed": true,
		"spriteSourceSize": {"x":10,"y":0,"w":489,"h":477},
		"sourceSize": {"w":489,"h":477}
	},
	"Raichu Idle Dance0008":
	{
		"frame": {"x":1,"y":472,"w":477,"h":477},
		"rotated": false,
		"trimmed": true,
		"spriteSourceSize": {"x":10,"y":0,"w":489,"h":477},
		"sourceSize": {"w":489,"h":477}
	},
	"Raichu Idle Dance0009":
	{
		"frame": {"x":1,"y":472,"w":477,"h":477},
		"rotated": false,
		"trimmed": true,
		"spriteSourceSize": {"x":10,"y":0,"w":489,"h":477},
		"sourceSize": {"w":489,"h":477}
	},
	"Raichu Idle Dance0010":
	{
		"frame": {"x":1,"y":472,"w":477,"h":477},
		"rotated": false,
		"trimmed": true,
		"spriteSourceSize": {"x":10,"y":0,"w":489,"h":477},
		"sourceSize": {"w":489,"h":477}
	},
	"Raichu Idle Dance0011":
	{
		"frame": {"x":1,"y":472,"w":477,"h":477},
		"rotated": false,
		"trimmed": true,
		"spriteSourceSize": {"x":10,"y":0,"w":489,"h":477},
		"sourceSize": {"w":489,"h":477}
	},
	"Raichu Idle Dance0012":
	{
		"frame": {"x":1,"y":472,"w":477,"h":477},
		"rotated": false,
		"trimmed": true,
		"spriteSourceSize": {"x":10,"y":0,"w":489,"h":477},
		"sourceSize": {"w":489,"h":477}
	},
	"Raichu Idle Dance0013":
	{
		"frame": {"x":1,"y":472,"w":477,"h":477},
		"rotated": false,
		"trimmed": true,
		"spriteSourceSize": {"x":10,"y":0,"w":489,"h":477},
		"sourceSize": {"w":489,"h":477}
	}},
"meta": {
	"app": "Adobe Animate",
	"version": "23.0.2.103",
	"image": "Alolan_Raichu.png",
	"format": "RGBA8888",
	"size": {"w":2048,"h":1024},
	"scale": "1"
}
}
